chunk size	HX370	8845HS
524288	3.11985	2.386
1048576	5.20912	3.42031
2097152	6.73677	4.4911
4194304	6.8046	5.50873
8388608	6.80745	6.2915
16777216	6.79853	6.68661
33554432	6.72069	6.61742
67108864	6.25686	6.41464
134217728	5.77277	5.95777