Benchmark	npu-json	jsonski	rsonpath	simdjson	pison
T1	6.61807	4.92307	4.2935	4.1221	2.09825
T2	6.62255	5.79306	4.6124	4.15138	2.01796
B1	6.62904	5.34003	3.9802	4.20204	2.08102
B2	6.64202	4.32949	2.6751	4.97626	1.04843
G1	3.88438	3.32562	2.3038	4.04849	1.30985
G2	6.66994	8.86293	7.9832	4.32358	4.81762
N1	6.6842		8.5732	11.4052	6.90924
N2	2.9384		2.1099	2.04246	0.66689
W1	6.64892	7.69946	6.93	4.80555	3.01324
Wi	6.63703	4.46944	3.8998	3.09653	1.72774