Benchmark	npu-json	rsonpath	jsonski	simdjson	pison
T1	6.83801	2.4861	2.87913	2.59841	1.83597
T2	6.68746	2.7044	3.54998	2.7506	1.76006
B1	4.86821	2.2888	3.25953	2.76827	1.51695
B2	5.89129	1.5967	2.71211	3.45569	0.723711
G1	2.88183	1.3649	2.13953	2.78081	1.06028
G2	6.06521	4.4396	5.35898	3.02129	4.59242
N1	7.70832	4.7545	N/A	7.20684	8.78423
N2	2.76621	1.2138	N/A	1.79559	0.48106
W1	7.52108	3.8026	4.69469	3.45325	1.94505
Wi	4.24748	2.2438	2.61996	2.08079	1.75085