BLOCK_SIZE,BLOCKS_PER_CHUNK,NPU_COLS,Dataset,Query,GB/s
16384,32,8,,,3.68519
16384,64,8,,,6.59191
16384,128,8,,,9.7528
16384,256,8,,,10.8111
16384,512,8,,,11.9321
16384,1024,8,,,10.7494
16384,2048,8,,,10.2237
16384,4096,8,,,9.83109
16384,8192,8,,,9.06902
